{"cameraMode":{"drawMode":0,"name":"Shaded","section":"Shading Mode"},"sceneLighting":false,"audioPlay":false,"sceneViewState":{"showFog":true,"showMaterialUpdate":false,"showSkybox":false,"showFlares":true,"showImageEffects":true,"showParticleSystems":true},"in2DMode":false,"pivot":{"x":-185.49366760253907,"y":-104.1749496459961,"z":114.21562194824219},"rotation":{"x":0.14238391816616059,"y":-0.6878286004066467,"z":0.14039334654808045,"w":0.6978296637535095},"size":292.7059020996094,"orthographic":false}